lemma	core_rank	frequency	pmw
する	15	624390	7640.8990149
事	16	611815	7487.0139349
ない	18	550403	6735.4918248
から	20	436569	5342.4616698
か	25	403013	4931.8240758
言う	26	401842	4917.4941013
物	39	261327	3197.9583543
思う	42	218107	2669.0586996
ね	49	180964	2214.5256159
時	59	160243	1960.9548212
人	45	139504	1707.1637537
そう	74	126282	1545.3610875
行く	66	122421	1498.1125551
中	67	116112	1420.9069114
何	124	114988	1407.1520939
居る	68	110862	1356.6606553
自分	72	98076	1200.1934877
どう	78	97635	1194.7968022
場合	92	95829	1172.6960901
方	112	94661	1158.4028278
二	55	90642	1109.2207891
一	61	90547	1108.0582378
所	94	85605	1047.5810954
持つ	85	81990	1003.3429591
分かる	88	81931	1002.6209536
行う	58	78596	961.8092842
より	84	65251	798.5014200
し	106	64128	784.7588399
そして	131	62695	767.2226713
もう	121	62547	765.4115388
聞く	101	61417	751.5832970
知る	108	61370	751.0081400
こう	116	59031	722.3849033
三	82	58804	719.6070175
後	136	57153	699.4030997
入る	110	57030	697.8979017
今	113	56580	692.3910797
使う	99	56132	686.9087325
気	126	54996	673.0070665
一つ	128	54023	661.1000937
ほど	120	53738	657.6124398
取る	135	51763	633.4436101
作る	108	51462	629.7601581
問題	125	50113	613.2519296
前	137	49796	609.3726795
手	154	44198	540.8678144
上	175	43585	533.3662992
内	130	42781	523.5274440
次	230	41871	512.3914263
話	146	40755	498.7345078
付く	180	39939	488.7488040
そんな	152	39805	487.1089948
他	137	39581	484.3678212
書く	161	38303	468.7284469
間	181	37555	459.5748851
入れる	162	37418	457.8983637
四	132	37381	457.4455806
顔	200	37107	454.0925379
言葉	187	36732	449.5035196
でも	181	36704	449.1608729
付ける	185	35746	437.4374609
国	111	35076	429.2384148
少し	197	35042	428.8223439
高い	107	34685	424.4535984
男	215	34235	418.9467765
出す	186	33936	415.2877992
声	211	33372	408.3859157
未だ	205	33020	404.0783572
人間	212	32617	399.1466922
必要	143	32512	397.8617671
仕事	168	32458	397.2009485
者	208	32014	391.7675508
家	194	31897	390.3357771
意味	272	31367	383.8499646
日	170	30694	375.6142064
大きな	194	30463	372.7873712
大きい	156	30454	372.6772347
心	218	30214	369.7402630
時間	199	29958	366.6074932
本当	234	28343	346.8441211
置く	264	27599	337.7395088
先ず	270	27318	334.3008044
二人	225	27221	333.1137784
今日	279	26959	329.9075843
特に	189	26761	327.4845826
変わる	233	26220	320.8641589
例えば	314	25313	309.7648533
五	225	25299	309.5935300
こんな	255	24714	302.4346614
示す	200	24393	298.5064618
女性	167	24137	295.3736920
相手	311	23428	286.6973880
世界	235	23320	285.3757508
女	251	23169	283.5279061
気持ち	235	23035	281.8880969
図	258	22989	281.3251773
関係	251	22961	280.9825306
結果	240	22505	275.4022844
全く	408	22480	275.0963498
新しい	246	22193	271.5842211
一番	299	22080	270.2013970
頭	351	21824	267.0686271
方法	365	21817	266.9829655
体	306	21617	264.5354890
好き	264	21550	263.7155844
点	381	21487	262.9446294
子	295	21212	259.5793493
形	284	21075	257.9028279
だから	331	21010	257.1073981
場所	351	20868	255.3696898
求める	176	20134	246.3874514
感じ	330	20089	245.8367692
内容	374	19801	242.3124031
車	240	19709	241.1865640
続く	177	19698	241.0519528
かもしれない	271	19666	240.6603566
どんな	340	19622	240.1219117
全て	329	19246	235.5206561
一度	345	19135	234.1623067
笑い	413	19097	233.6972861
初めて	235	19090	233.6116245
水	428	18990	232.3878862
開く	200	18903	231.3232340
力	299	18887	231.1274359
写真	223	18705	228.9002323
最初	351	18523	226.6730288
最後	332	18341	224.4458253
口	460	18335	224.3724010
アメリカ	417	18204	222.7693039
理由	249	18175	222.4144198
最も	272	18039	220.7501359
会社	345	17990	220.1505041
重要	283	17976	219.9791808
だが	319	17871	218.6942557
下	486	17658	216.0876933
部屋	618	17335	212.1350189
向かう	401	17164	210.0424265
生きる	297	17079	209.0022490
通り	401	17059	208.7575014
午後	381	16953	207.4603389
もっと	357	16842	206.1019895
先	433	16799	205.5757820
六	344	16758	205.0740494
非常	543	16657	203.8380738
現在	368	16548	202.5041991
身	454	15937	195.0271587
部分	465	15818	193.5709102
情報	220	15720	192.3716467
対象	301	15702	192.1513739
時代	319	15473	189.3490134
様々	301	15261	186.7546884
名前	539	15252	186.6445519
確か	543	15171	185.6533240
音	525	15098	184.7599951
先生	653	15075	184.4785353
中心	272	15038	184.0257522
電話	398	14950	182.9488625
別	486	14923	182.6184532
実際	371	14896	182.2880439
生活	375	14870	181.9698720
目的	340	14854	181.7740738
生まれる	411	14749	180.4891487
質問	548	14690	179.7671432
つく	15135	14679	179.6325320
母	474	14646	179.2286984
歩く	371	14609	178.7759152
因る	505	14603	178.7024909
君	797	14486	177.2707172
道	516	14087	172.3880018
夜	567	14024	171.6170467
花	580	13981	171.0908393
選ぶ	437	13980	171.0786019
本	482	13660	167.1626396
続ける	351	13523	165.4861183
例	633	13414	164.1522436
比べる	437	13348	163.3445764
まあ	525	13279	162.5001970
向ける	240	13232	161.9250401
七	471	13147	160.8848626
可能	381	13024	159.3796646
立てる	587	12992	158.9880684
学校	360	12982	158.8656945
明らか	345	12867	157.4583956
小さな	505	12844	157.1769358
送る	357	12830	157.0056125
働く	398	12736	155.8552985
進める	230	12684	155.2189547
父	520	12504	153.0162259
家族	351	12429	152.0984222
木	959	12260	150.0303047
今回	295	12260	150.0303047
大切	497	12230	149.6631832
外	721	12188	149.1492131
中々	534	12054	147.5094039
色	709	12014	147.0199087
止める	721	11865	145.1965387
二つ	607	11668	142.7857744
引く	772	11656	142.6389259
同時	754	11514	140.9012176
ずっと	633	11511	140.8645055
実は	548	11487	140.5708083
表	1245	11443	140.0323635
親	303	11440	139.9956513
程度	593	11436	139.9467018
午前	607	11426	139.8243280
変化	593	11383	139.2981205
十分	530	11302	138.3068926
必ず	593	11252	137.6950235
際	449	11242	137.5726497
作品	381	11211	137.1932908
守る	421	11192	136.9607806
伝える	393	11133	136.2387750
最近	337	11072	135.4922947
当時	460	11051	135.2353097
時期	574	10901	133.3997024
昔	543	10868	132.9958688
夢	543	10865	132.9591566
様子	880	10845	132.7144090
上がる	505	10804	132.2126763
八	677	10747	131.5151455
打つ	618	10689	130.8053774
神	765	10665	130.5116802
店	365	10659	130.4382559
ああ	841	10583	129.5082149
事実	911	10574	129.3980784
開ける	1281	10563	129.2634672
残す	556	10486	128.3211888
以下	593	10453	127.9173552
同様	746	10395	127.2075870
新た	316	10306	126.1184600
山	486	10224	125.1149947
夫	627	10193	124.7356358
妻	627	10154	124.2583779
場	587	10141	124.0992920
男性	319	10117	123.8055948
数	695	10074	123.2793874
朝	856	10035	122.8021295
海	437	10019	122.6063313
動く	561	9994	122.3003968
無くなる	669	9982	122.1535482
一月	424	9978	122.1045987
どうして	825	9976	122.0801239
社会	455	9974	122.0556492
意見	486	9936	121.5906286
語る	340	9936	121.5906286
大変	721	9844	120.4647895
光	1024	9777	119.6448849
広い	677	9773	119.5959353
国民	257	9751	119.3267129
町	574	9712	118.8494550
首	825	9578	117.2096458
今度	880	9578	117.2096458
友達	1011	9532	116.6467263
事件	428	9516	116.4509281
人生	1048	9474	115.9369581
金	746	9354	114.4684722
名	733	9305	113.8688405
効果	530	9269	113.4282948
殺す	841	9181	112.3514051
限る	992	9177	112.3024556
立場	976	9166	112.1678444
落ちる	811	9134	111.7762482
取れる	548	9116	111.5559753
病院	445	9061	110.8829193
失う	580	9060	110.8706819
土地	959	9045	110.6871212
一日	556	9041	110.6381716
元	825	9035	110.5647474
起こす	548	9008	110.2343380
現実	911	8889	108.7780896
歴史	754	8886	108.7413774
再び	677	8784	107.4931644
耳	1148	8714	106.6365477
一方	327	8684	106.2694262
母親	695	8650	105.8533552
研究	754	8625	105.5474207
売る	686	8605	105.3026730
病気	686	8562	104.7764656
何とか	1024	8518	104.2380208
活動	381	8387	102.6349237
周り	992	8378	102.5247873
美しい	618	8322	101.8394939
資料	525	8299	101.5580341
政府	437	8299	101.5580341
決して	959	8267	101.1664379
生ずる	1395	8143	99.6490025
責任	534	8124	99.4164923
商品	516	8114	99.2941184
実	1629	8073	98.7923858
年	754	8059	98.6210624
大事	841	8042	98.4130269
今年	304	8026	98.2172288
行動	841	7994	97.8256326
経験	772	7948	97.2627130
食事	784	7944	97.2137635
結構	640	7940	97.1648139
雨	863	7925	96.9812532
九	825	7896	96.6263691
着る	721	7855	96.1246365
過去	709	7853	96.1001617
夏	686	7853	96.1001617
十	797	7817	95.6596159
ゆっくり	1500	7753	94.8764235
テレビ	772	7736	94.6683880
完全	1108	7696	94.1788927
考え	525	7691	94.1177058
一体	1048	7682	94.0075694
大学	486	7671	93.8729582
面	1128	7582	92.7838311
直接	825	7519	92.0128761
結局	721	7511	91.9149770
明日	856	7506	91.8537901
友人	863	7415	90.7401883
表情	1024	7406	90.6300519
空	1361	7387	90.3975416
調査	469	7381	90.3241173
近く	754	7380	90.3118800
はい	1952	7379	90.2996426
回る	825	7334	89.7489604
自然	976	7302	89.3573642
横	1589	7299	89.3206520
犬	1199	7221	88.3661362
許す	895	7201	88.1213886
合う	1072	7173	87.7787419
味	640	7133	87.2892466
はっきり	1465	7113	87.0444989
積極的	445	7060	86.3959177
文字	1845	7031	86.0410336
全体	895	6975	85.3557402
息子	633	6973	85.3312654
気分	1177	6965	85.2333664
ちゃんと	1108	6958	85.1477047
右	1072	6953	85.0865178
機能	703	6919	84.6704468
大人	662	6905	84.4991235
機会	520	6892	84.3400375
三つ	784	6885	84.2543758
予定	505	6862	83.9729160
月	895	6855	83.8872544
方向	929	6823	83.4956581
絵	959	6801	83.2264357
毎日	992	6789	83.0795871
火	2061	6750	82.6023292
パソコン	618	6745	82.5411423
流れ	944	6698	81.9659854
建物	1219	6690	81.8680863
集める	633	6662	81.5254396
戦争	1199	6638	81.2317424
では	880	6611	80.9013331
説明	653	6604	80.8156714
父親	1148	6528	79.8856304
後ろ	1702	6516	79.7387818
身体	2464	6513	79.7020697
技術	669	6505	79.6041706
手紙	1760	6482	79.3227108
今後	428	6480	79.2982361
種類	1629	6474	79.2248118
額	3054	6466	79.1269127
どうしても	1048	6449	78.9188772
制度	709	6387	78.1601595
命	618	6362	77.8542250
ドア	1702	6360	77.8297502
以前	880	6356	77.7808007
自由	669	6356	77.7808007
個人	1500	6345	77.6461895
他人	1148	6320	77.3402549
イメージ	1148	6297	77.0587951
教育	574	6238	76.3367896
家庭	911	6217	76.0798046
運ぶ	841	6217	76.0798046
英語	2061	6199	75.8595317
有名	1281	6199	75.8595317
黒	323	6196	75.8228195
土	3202	6195	75.8105822
記事	1245	6154	75.3088495
人物	1326	6140	75.1375261
感じる	721	6133	75.0518645
絶対	1108	6133	75.0518645
何でも	959	6128	74.9906776
金額	1465	6127	74.9784402
ホテル	797	6096	74.5990813
意識	880	6086	74.4767075
仕方	1465	6083	74.4399954
春	1245	6056	74.1095861
酒	1545	6049	74.0239244
血	2123	6044	73.9627375
船	567	5995	73.3631057
性格	2464	5994	73.3508684
明るい	1245	5981	73.1917824
音楽	1088	5977	73.1428329
ケース	754	5966	73.0082217
努力	1629	5945	72.7512366
本人	784	5934	72.6166254
位置	1952	5920	72.4453021
無理	1326	5917	72.4085899
度	1048	5892	72.1026554
白	357	5868	71.8089582
雪	1659	5852	71.6131601
左	880	5829	71.3317003
秋	1326	5808	71.0747153
指	2123	5802	71.0012910
結ぶ	944	5793	70.8911546
すると	1545	5792	70.8789172
息	2061	5788	70.8299676
計画	825	5771	70.6219321
タイプ	1423	5760	70.4873209
あらゆる	1500	5753	70.4016593
材料	863	5729	70.1079621
静か	1281	5715	69.9366388
愛	1072	5706	69.8265023
女の子	1423	5699	69.7408406
能力	825	5688	69.6062294
知識	721	5667	69.3492444
分ける	1423	5661	69.2758201
泣く	1500	5659	69.2513454
全部	1894	5646	69.0922594
全国	360	5610	68.6517136
地	1361	5600	68.5293398
馬	1545	5560	68.0398445
残念	1326	5534	67.7216726
周囲	1148	5503	67.3423137
作業	1048	5502	67.3300764
冬	1804	5496	67.2566521
急	1589	5495	67.2444147
薬	1423	5463	66.8528185
いらっしゃる	2464	5460	66.8161063
支える	709	5456	66.7671568
事情	1088	5454	66.7426820
無料	1245	5448	66.6692577
量	1245	5438	66.5468839
文化	1361	5436	66.5224091
分	976	5431	66.4612222
料理	505	5352	65.4944690
人気	574	5346	65.4210448
適切	686	5334	65.2741962
ええ	3202	5333	65.2619588
追う	1177	5332	65.2497214
新聞	1148	5320	65.1028728
参考	1024	5300	64.8581252
代わり	1629	5294	64.7847009
関心	1072	5294	64.7847009
あ	1465	5255	64.3074430
差	976	5250	64.2462561
期間	1845	5234	64.0504580
運動	1395	5217	63.8424225
自ら	1148	5195	63.5732001
表現	1589	5170	63.2672655
うん	1245	5149	63.0102805
旅	1465	5138	62.8756693
費用	1245	5113	62.5697347
やや	1500	5099	62.3984114
印象	976	5098	62.3861740
育てる	1088	5098	62.3861740
魚	1148	5097	62.3739366
特別	1659	5097	62.3739366
どんどん	1128	5088	62.2638002
森	1760	5086	62.2393254
ファックス	4507	5082	62.1903759
村	1545	5027	61.5173199
焼く	1760	5026	61.5050825
先程	4222	5021	61.4438956
流石	1326	5013	61.3459965
側	2201	4992	61.0890115
客	1148	4978	60.9176881
判断	1088	4957	60.6607031
少年	1199	4935	60.3914807
こっち	2011	4899	59.9509350
数字	1108	4890	59.8407985
文章	1301	4868	59.5715761
明確	944	4864	59.5226266
銀行	1281	4859	59.4614397
回答	740	4850	59.3513032
空気	1423	4846	59.3023537
サービス	548	4845	59.2901163
増加	911	4845	59.2901163
注意	1845	4843	59.2656416
仲間	1952	4843	59.2656416
着く	1177	4824	59.0331313
きちんと	1199	4790	58.6170603
市	2201	4767	58.3356005
感情	1500	4765	58.3111257
すっかり	1952	4747	58.0908529
努める	640	4745	58.0663781
流す	976	4730	57.8828174
主人	2290	4718	57.7359688
現状	811	4688	57.3688473
三日	944	4681	57.2831857
話題	959	4681	57.2831857
楽しみ	1148	4664	57.0751502
問い合わせ	1545	4650	56.9038268
一定	1326	4648	56.8793520
不安	1361	4645	56.8426399
下げる	1245	4638	56.7569782
医師	992	4581	56.0594474
種	4831	4569	55.9125989
さあ	3370	4557	55.7657503
テーマ	686	4553	55.7168007
会場	2123	4545	55.6189017
す	2898	4533	55.4720531
動物	2011	4523	55.3496793
エネルギー	1760	4520	55.3129671
分野	746	4517	55.2762550
単に	1702	4505	55.1294064
役	1659	4465	54.6399111
相談	1048	4448	54.4318756
ですから	2771	4436	54.2850270
ベッド	2634	4433	54.2483149
確実	1545	4428	54.1871280
庭	2542	4426	54.1626532
戦い	1465	4423	54.1259411
有効	1219	4416	54.0402794
あっ	1702	4412	53.9913299
テーブル	2123	4407	53.9301430
報告	1465	4398	53.8200065
元気	1760	4388	53.6976327
道路	1500	4387	53.6853953
意外	1326	4362	53.3794608
準備	1361	4358	53.3305112
豊か	929	4357	53.3182738
重ねる	1245	4347	53.1959000
席	1952	4328	52.9633898
両親	1395	4323	52.9022029
学生	797	4322	52.8899655
選手	1088	4317	52.8287786
大好き	1326	4316	52.8165412
一言	1659	4296	52.5717935
葉	2201	4293	52.5350814
包む	2011	4280	52.3759954
地方	1177	4279	52.3637580
野菜	1177	4250	52.0088740
緑	2011	4244	51.9354497
感覚	1845	4219	51.6295151
どうぞ	1629	4217	51.6050404
海外	733	4198	51.3725301
広げる	1301	4198	51.3725301
国家	3370	4194	51.3235806
市民	1177	4151	50.7973731
生徒	1500	4149	50.7728984
向く	2061	4138	50.6382872
協力	640	4134	50.5893376
石	2376	4132	50.5648629
終わり	2201	4132	50.5648629
手続き	1465	4130	50.5403881
ヨーロッパ	1804	4128	50.5159133
現場	686	4126	50.4914386
鼻	2464	4122	50.4424891
理解	959	4120	50.4180143
駅	1500	4105	50.2344536
言わば	2201	4092	50.0753676
次々	1361	4090	50.0508928
市場	797	4088	50.0264181
島	580	4067	49.7694330
服	1219	4067	49.7694330
レベル	1395	4053	49.5981097
笑顔	1088	4052	49.5858723
十日	1048	4048	49.5369228
方々	2464	4017	49.1575639
都市	2464	4015	49.1330892
試合	669	4000	48.9495284
通ずる	863	3996	48.9005789
人口	2290	3938	48.1908107
バランス	1500	3936	48.1663360
兄	1659	3929	48.0806743
細かい	2123	3908	47.8236893
犯人	2376	3905	47.7869771
指導	1545	3897	47.6890781
ボール	880	3893	47.6401285
勉強	1659	3889	47.5911790
会話	2201	3887	47.5667043
心配	1952	3865	47.2974819
返事	3202	3857	47.1995828
北	2123	3847	47.0772090
精神	2542	3846	47.0649716
じゃあ	3202	3829	46.8569361
住民	880	3801	46.5142894
幸せ	1702	3790	46.3796782
政治	1500	3775	46.1961175
歯	3054	3755	45.9513698
構造	1804	3750	45.8901829
罪	1589	3741	45.7800465
特定	2464	3735	45.7066222
だって	2542	3730	45.6454353
太陽	2376	3729	45.6331979
時々	3370	3729	45.6331979
記録	1629	3722	45.5475362
見事	1702	3712	45.4251624
ママ	3552	3711	45.4129250
最高	1423	3703	45.3150259
調子	3370	3697	45.2416017
場面	1219	3697	45.2416017
定員	4507	3694	45.2048895
容易	1500	3690	45.1559400
塩	1128	3685	45.0947531
老人	4831	3682	45.0580409
肉	2011	3680	45.0335662
製品	1108	3678	45.0090914
一時	3743	3655	44.7276316
必ずしも	2061	3649	44.6542073
複雑	1760	3649	44.6542073
希望	1659	3645	44.6052578
備える	1088	3634	44.4706466
法	6810	3632	44.4461718
地球	2376	3624	44.3482728
世の中	1804	3621	44.3115606
二十日	1024	3609	44.1647120
期待	1072	3578	43.7853532
本来	1702	3576	43.7608784
過程	2898	3574	43.7364037
弟	3743	3558	43.5406055
夫婦	1128	3555	43.5038934
グループ	2376	3553	43.4794186
ボタン	10002	3546	43.3937570
どっち	2376	3544	43.3692822
現代	2464	3537	43.2836205
小学校	959	3537	43.2836205
バス	1500	3537	43.2836205
南	3054	3535	43.2591458
底	2542	3517	43.0388729
会	1301	3515	43.0143981
物語	1702	3512	42.9776860
メンバー	1500	3511	42.9654486
外国	3202	3501	42.8430748
出来事	2061	3495	42.7696505
チーム	1128	3484	42.6350393
教師	1545	3473	42.5004281
委員	3202	3465	42.4025290
びっくりする	2061	3464	42.3902916
五日	1589	3458	42.3168673
勢い	2290	3446	42.1700187
モデル	1326	3426	41.9252711
便利	1500	3409	41.7172356
直る	2290	3397	41.5703870
利用	929	3395	41.5459123
小説	863	3394	41.5336749
終える	1760	3387	41.4480132
社長	863	3384	41.4113011
決定	1545	3383	41.3990637
職場	3552	3368	41.2155029
妹	3975	3364	41.1665534
星	2201	3362	41.1420786
残り	1500	3356	41.0686544
住所	2376	3351	41.0074674
切れる	2542	3350	40.9952301
喜び	1894	3341	40.8850936
中央	1845	3334	40.7994320
折角	2464	3330	40.7504824
未来	2290	3327	40.7137703
働き	2634	3325	40.6892955
中身	1894	3321	40.6403460
練習	1219	3320	40.6281086
囲む	2011	3315	40.5669217
じっと	3370	3315	40.5669217
ゲーム	1589	3295	40.3221740
主に	2376	3294	40.3099367
生命	2771	3287	40.2242750
少女	2634	3277	40.1019012
ニュース	1395	3266	39.9672900
まさか	3054	3265	39.9550526
先日	1845	3256	39.8449161
たっぷり	1952	3246	39.7225423
大臣	2771	3246	39.7225423
自転車	1952	3239	39.6368807
ふと	3202	3235	39.5879311
紙	2898	3216	39.3554209
現象	3054	3215	39.3431835
寄せる	1589	3203	39.1963349
高校	1361	3192	39.0617237
等	1128	3190	39.0372489
自動車	3054	3185	38.9760620
作成	911	3182	38.9393499
雲	3370	3180	38.9148751
一種	2771	3177	38.8781630
安全	1072	3172	38.8169760
植物	3202	3169	38.7802639
電車	3202	3161	38.6823648
任せる	1845	3160	38.6701275
単なる	2542	3159	38.6578901
ページ	2201	3158	38.6456527
止む	1465	3142	38.4498546
熱	2201	3140	38.4253798
男の子	3975	3129	38.2907686
トイレ	2011	3124	38.2295817
毎年	2201	3108	38.0337836
使用	1845	3107	38.0215462
複数	1301	3096	37.8869350
とく	2634	3089	37.8012733
おい	2061	3079	37.6788995
地位	3202	3076	37.6421874
西	2061	3075	37.6299500
検査	2898	3070	37.5687631
鳥	1659	3065	37.5075762
皮	3552	3062	37.4708640
招く	2061	3058	37.4219145
カメラ	1199	3048	37.2995407
チャンス	1804	3034	37.1282173
八日	1088	3032	37.1037426
財産	3370	3031	37.0915052
予算	2290	3026	37.0303183
東	3370	3025	37.0180809
線	5205	3023	36.9936061
医者	1894	3017	36.9201818
二十	1760	2996	36.6631968
売れる	1128	2994	36.6387220
そろそろ	2123	2992	36.6142473
約束	1894	2982	36.4918734
別に	2201	2972	36.3694996
近所	1545	2964	36.2716006
字	2290	2964	36.2716006
大いに	2634	2948	36.0758025
必死	2634	2943	36.0146155
番組	2123	2932	35.8800043
食べ物	4507	2930	35.8555296
思想	3743	2925	35.7943427
メニュー	2898	2909	35.5985446
四つ		2894	35.4149838
波	1545	2892	35.3905091
表面	2542	2876	35.1947109
あんな	3552	2875	35.1824736
計算	2542	2869	35.1090493
ビール	2123	2848	34.8520642
経営	1281	2844	34.8031147
空く	3743	2842	34.7786400
プログラム	3202	2838	34.7296904
半分	1589	2836	34.7052157
六日	1545	2834	34.6807409
遠く	2634	2833	34.6685035
失敗	3054	2829	34.6195540
急速	1702	2821	34.5216549
工場	2542	2821	34.5216549
九日	772	2818	34.4849428
犯罪	1545	2805	34.3258568
格好	1845	2794	34.1912456
両方	2634	2784	34.0688718
世間	2123	2783	34.0566344
具合	3202	2780	34.0199223
成長	2464	2777	33.9832101
都合	3054	2777	33.9832101
反対	2376	2774	33.9464980
直ちに	3202	2772	33.9220232
手術	1465	2770	33.8975484
参加	1048	2755	33.7139877
パン	2542	2751	33.6650382
思い出	2290	2749	33.6405634
マンション	1894	2742	33.5549017
スポーツ	1326	2735	33.4692401
取り入れる	1845	2721	33.2979167
赤	2771	2720	33.2856793
え	3975	2713	33.2000177
書類	3975	2713	33.2000177
許可	4831	2709	33.1510681
合計	1629	2696	32.9919822
米	797	2686	32.8696083
飛行機	2201	2680	32.7961841
風景	2123	2680	32.7961841
式	6810	2668	32.6493355
遊び	3552	2660	32.5514364
生産	1845	2657	32.5147243
質	1545	2644	32.3556383
さっき	3370	2643	32.3434009
プロ	1845	2639	32.2944514
適当	2290	2634	32.2332645
命令	6810	2630	32.1843149
限界	2376	2614	31.9885168
王	3054	2612	31.9640421
左右	3202	2610	31.9395673
ドラマ	1177	2610	31.9395673
農業	1500	2609	31.9273299
夕方	3054	2608	31.9150925
カード	2464	2598	31.7927187
実験	2634	2586	31.6458701
箱	3054	2586	31.6458701
言語	5205	2581	31.5846832
エンジン	3743	2567	31.4133599
料金	2464	2567	31.4133599
小学生	1952	2565	31.3888851
地図	2634	2552	31.2297991
スタイル	1952	2551	31.2175618
意思	2376	2547	31.1686122
真面目	2898	2546	31.1563748
本物	1326	2539	31.0707132
順	1804	2525	30.8993898
女子	1423	2525	30.8993898
文	2634	2512	30.7403039
ソフト	1894	2501	30.6056927
見解	3552	2495	30.5322684
管理	1760	2491	30.4833188
橋	3202	2491	30.4833188
道具	3975	2490	30.4710815
以来	1545	2487	30.4343693
体重	1804	2482	30.3731824
団体	2542	2480	30.3487076
姉	8613	2472	30.2508086
県	2376	2471	30.2385712
浴びる	2011	2468	30.2018590
全身	3370	2464	30.1529095
要求	3054	2463	30.1406721
好み	2464	2457	30.0672478
周辺	1952	2451	29.9938235
事務所	2634	2434	29.7857881
買い物	1500	2430	29.7368385
無くす	3054	2426	29.6878890
気配	3552	2425	29.6756516
勇気	2542	2422	29.6389395
チェック	1804	2419	29.6022273
荷物	2898	2412	29.5165656
あちこち	3202	2410	29.4920909
工夫	2123	2410	29.4920909
クラス	3370	2398	29.3452423
作家	992	2395	29.3085302
交流	1589	2390	29.2473432
帰り	2290	2388	29.2228685
全員	2898	2387	29.2106311
重大	3054	2386	29.1983937
税金	3370	2382	29.1494442
生	6810	2381	29.1372068
光景	2771	2380	29.1249694
適用	4831	2375	29.0637825
教室	3975	2371	29.0148330
油	4222	2370	29.0025956
会議	1845	2369	28.9903582
人類	5205	2365	28.9414087
外国人	1128	2360	28.8802218
解決	1545	2356	28.8312722
強化	811	2346	28.7088984
理想	2061	2345	28.6966610
物質	2898	2341	28.6477115
死体	3975	2338	28.6109994
説	3370	2329	28.5008629
きつい	3202	2327	28.4763882
集団	3370	2327	28.4763882
男子	1301	2325	28.4519134
仲	5205	2322	28.4152013
根	4507	2322	28.4152013
習慣	3202	2311	28.2805901
教会	3975	2310	28.2683527
大勢	3202	2309	28.2561153
平和	2011	2298	28.1215041
足元	2771	2295	28.0847919
発想	2464	2290	28.0236050
国会	1804	2289	28.0113676
パパ	6219	2284	27.9501807
水準	1804	2282	27.9257060
来年	1500	2281	27.9134686
着物	2464	2273	27.8155695
不満	1326	2270	27.7788574
そっと	4831	2269	27.7666200
コース	2290	2268	27.7543826
天気	5678	2260	27.6564836
旅行	2771	2260	27.6564836
豊富	2290	2246	27.4851602
百	2123	2244	27.4606855
枝	3552	2234	27.3383116
今夜	5205	2229	27.2771247
実現	1545	2224	27.2159378
職業	2634	2211	27.0568518
トップ	2201	2205	26.9834275
年間	1952	2204	26.9711902
講師	4222	2200	26.9222406
出会い	2061	2199	26.9100033
週	2061	2198	26.8977659
湯	1245	2192	26.8243416
民間	1361	2191	26.8121042
ワイン	1702	2189	26.7876294
大した	3743	2186	26.7509173
改正	2464	2185	26.7386799
大半	1326	2181	26.6897304
休み	2898	2180	26.6774930
高度	1423	2177	26.6407809
強力	2542	2176	26.6285435
想像	3370	2175	26.6163061
指定	5678	2174	26.6040687
生える	4831	2174	26.6040687
青年	5205	2162	26.4572201
門	3370	2149	26.2981342
タクシー	2542	2138	26.1635229
虫	2376	2133	26.1023360
レストラン	1702	2131	26.0778613
生物	6810	2127	26.0289117
屋根	2771	2122	25.9677248
代表	1423	2119	25.9310127
昼	4507	2115	25.8820632
正面	3370	2109	25.8086389
常識	2290	2102	25.7229772
各地	2011	2101	25.7107398
時計	2376	2099	25.6862650
感想	2542	2079	25.4415174
糸	2771	2077	25.4170426
漢字	3743	2077	25.4170426
草	5205	2076	25.4048053
しめる	5678	2074	25.3803305
成績	2542	2072	25.3558557
ポケット	15135	2070	25.3313810
パターン	6219	2068	25.3069062
玉	4507	2065	25.2701941
発見	2061	2065	25.2701941
産業	2201	2062	25.2334819
解説	3054	2058	25.1845324
世話	2290	2050	25.0866333
輸入	6810	2050	25.0866333
高校生	3975	2038	24.9397847
バッグ	2634	2034	24.8908352
用	6810	2031	24.8541231
問い	2376	2028	24.8174109
ビル	1952	2028	24.8174109
武器	5678	2027	24.8051735
アパート	2898	2026	24.7929362
いえ	10002	2026	24.7929362
図書館	6810	2026	24.7929362
四日		2025	24.7806988
注目	2201	2021	24.7317492
有無	2464	2018	24.6950371
学習	3370	2007	24.5604259
日記	3743	2006	24.5481885
工事	4507	2001	24.4870016
兄弟	2898	1996	24.4258147
大部分	5678	1994	24.4013399
関連	2634	1978	24.2055418
愛情	3370	1977	24.1933044
訓練	2464	1977	24.1933044
正直	4831	1972	24.1321175
有利	3743	1949	23.8506577
温度	3743	1948	23.8384203
低下	2771	1948	23.8384203
欠ける	3370	1945	23.8017082
才能	3975	1945	23.8017082
スーパー	2771	1942	23.7649961
多少	7561	1933	23.6548596
共通	2771	1929	23.6059101
二日	1219	1926	23.5691979
相当	3743	1925	23.5569606
手前	3552	1924	23.5447232
登場	1500	1920	23.4957736
牛	3975	1911	23.3856372
列車	6219	1909	23.3611624
末	3370	1906	23.3244503
どうせ	4831	1901	23.2632634
農家	1659	1900	23.2510260
主要	2201	1890	23.1286522
建設	3743	1886	23.0797027
借金	2771	1885	23.0674653
形式	6219	1880	23.0062784
速度	3975	1879	22.9940410
単位	2464	1879	22.9940410
ゼロ	2061	1876	22.9573288
解く	5205	1863	22.7982429
日常	2464	1856	22.7125812
中学	2771	1852	22.6636317
苦手	2061	1849	22.6269195
移動	3743	1842	22.5412578
プラス	2634	1841	22.5290205
電気	2201	1840	22.5167831
熱心	2898	1838	22.4923083
ビデオ	1589	1838	22.4923083
的確	1361	1836	22.4678336
発表	1952	1836	22.4678336
正式	2771	1833	22.4311214
児童	3370	1822	22.2965102
体制	2011	1813	22.1863738
広告	4222	1802	22.0517626
そうして	3743	1800	22.0272878
食品	5205	1799	22.0150504
布	6219	1795	21.9661009
運	5678	1792	21.9293887
独特	2464	1788	21.8804392
マイナス	3202	1781	21.7947775
給料	4222	1771	21.6724037
ピアノ	3054	1765	21.5989794
制限	4507	1759	21.5255551
機関	4507	1755	21.4766056
冷静	4222	1752	21.4398935
成立	3975	1751	21.4276561
胃	4831	1749	21.4031813
直後	5205	1745	21.3542318
血液	7561	1744	21.3419944
スタート	2898	1743	21.3297570
科学	4222	1742	21.3175196
テスト	4222	1736	21.2440953
ピンク	3202	1736	21.2440953
孫	4831	1736	21.2440953
活用	1048	1726	21.1217215
主婦	1804	1723	21.0850094
正午	11989	1722	21.0727720
森林	505	1718	21.0238225
ラジオ	2542	1718	21.0238225
岩	6810	1715	20.9871103
競争	1177	1713	20.9626356
宿	5205	1713	20.9626356
ぶつかる	3975	1710	20.9259234
構成	3054	1705	20.8647365
試験	3552	1703	20.8402617
グラス	2464	1701	20.8157870
毛	5678	1699	20.7913122
教科書	2290	1694	20.7301253
せめて	5678	1692	20.7056505
ガラス	6219	1689	20.6689384
平均	2771	1688	20.6567010
プレゼント	2771	1684	20.6077515
神経	3975	1680	20.5588019
台所	3975	1679	20.5465646
鉄	6219	1678	20.5343272
外部	3743	1673	20.4731403
景気	2201	1673	20.4731403
輸出	3552	1671	20.4486655
規則	6219	1668	20.4119534
輪	4831	1666	20.3874786
例外	3743	1664	20.3630038
商売	2464	1655	20.2528674
作者	4222	1653	20.2283926
氷	7561	1652	20.2161552
角度	7561	1650	20.1916805
あら	5678	1643	20.1060188
スープ	3054	1640	20.0693067
五つ	3370	1636	20.0203571
型	3743	1632	19.9714076
ナンバー	4507	1632	19.9714076
直前	3054	1631	19.9591702
順調	3370	1627	19.9102207
はあ	8613	1626	19.8979833
付き合い	3202	1624	19.8735085
無事	3370	1624	19.8735085
勝負	3202	1623	19.8612712
長男	1659	1609	19.6899478
味方	4831	1605	19.6409983
池	10002	1604	19.6287609
回復	3370	1596	19.5308618
面積	5205	1593	19.4941497
芸術	5205	1592	19.4819123
はる	5205	1591	19.4696749
性	7561	1589	19.4452002
軍	2898	1586	19.4084880
感動	3054	1584	19.3840133
丸	4831	1584	19.3840133
願い	3054	1582	19.3595385
気温	4507	1580	19.3350637
日曜日		1579	19.3228263
設備	3552	1575	19.2738768
トラック	4831	1571	19.2249273
シャツ	10002	1568	19.1882151
リズム	3370	1567	19.1759778
昼間	4222	1565	19.1515030
安定	2290	1559	19.0780787
バター	4507	1554	19.0168918
放送	2634	1553	19.0046544
葉書	4507	1551	18.9801797
首相	880	1550	18.9679423
実績	2898	1550	18.9679423
台風	2464	1549	18.9557049
昼食	10002	1548	18.9434675
労働	5678	1540	18.8455684
ぴったり	5205	1535	18.7843815
番号	7561	1527	18.6864825
事務	7561	1525	18.6620077
快適	2634	1524	18.6497703
祖父	3975	1524	18.6497703
ノート	8613	1519	18.5885834
不幸	6810	1517	18.5641087
得意	2898	1514	18.5273965
営業	3743	1509	18.4662096
設計	2201	1508	18.4539722
メモ	4507	1506	18.4294975
スカート	4831	1504	18.4050227
注文	3054	1503	18.3927853
前後	7561	1501	18.3683105
運転手	2464	1498	18.3315984
現金	2771	1495	18.2948863
自殺	4831	1495	18.2948863
寺	5205	1493	18.2704115
毎月	3975	1489	18.2214620
苦労	4222	1486	18.1847498
同一	5678	1477	18.0746134
広場	8613	1471	18.0011891
知人	3552	1461	17.8788153
ケーキ	6219	1459	17.8543405
議会	3370	1455	17.8053910
夏休み	2898	1455	17.8053910
タオル	3370	1447	17.7074919
セット	3552	1440	17.6218302
文学	2634	1437	17.5851181
空港	3370	1436	17.5728807
始まり	4222	1434	17.5484059
茶	33479	1431	17.5116938
資本	20515	1430	17.4994564
小屋		1428	17.4749817
予約	3202	1427	17.4627443
完成	3743	1422	17.4015574
品	5205	1422	17.4015574
農民	10002	1417	17.3403704
ホーム	3054	1411	17.2669462
会員	2898	1401	17.1445723
学者	4507	1401	17.1445723
中学校	2542	1400	17.1323350
円	7561	1395	17.0711480
アルバム	6219	1391	17.0221985
数学	6810	1390	17.0099611
ステージ	2201	1389	16.9977237
お		1382	16.9120621
印	8613	1378	16.8631125
消費	2634	1376	16.8386378
自身	2771	1369	16.7529761
身分	10002	1369	16.7529761
見送る	3054	1368	16.7407387
今月	1500	1367	16.7285013
損害	5678	1367	16.7285013
オフィス	3202	1364	16.6917892
角	7561	1359	16.6306023
別れ	5678	1355	16.5816528
クリスマス	4507	1349	16.5082285
七日		1349	16.5082285
下手	6810	1348	16.4959911
友	15135	1347	16.4837537
当日	2376	1346	16.4715163
行事	2771	1345	16.4592789
一生	5678	1344	16.4470416
パンツ	2634	1344	16.4470416
列	6810	1342	16.4225668
青	5205	1341	16.4103294
地下	3975	1341	16.4103294
章	10002	1338	16.3736173
真っ直ぐ	3370	1338	16.3736173
鳴く	5678	1336	16.3491425
鉄道	4222	1331	16.2879556
礼	20515	1331	16.2879556
神社	2898	1329	16.2634808
実力	2376	1327	16.2390061
家事	784	1321	16.1655818
観客	2898	1320	16.1533444
文明	5205	1320	16.1533444
谷	10002	1319	16.1411070
インタビュー	2898	1309	16.0187332
通信	7561	1308	16.0064958
記者	2542	1307	15.9942584
カレー	10002	1306	15.9820210
折れる	3202	1301	15.9208341
さっぱり	4507	1301	15.9208341
サラリーマン	4831	1299	15.8963594
港	1952	1294	15.8351724
防止	3202	1290	15.7862229
長期	3370	1289	15.7739855
板	3552	1287	15.7495108
運転	5205	1284	15.7127986
特色	6219	1284	15.7127986
夫人	6219	1283	15.7005612
貿易	3975	1283	15.7005612
海岸	3054	1282	15.6883239
ナイフ	5678	1282	15.6883239
人形	5678	1280	15.6638491
平日	7561	1279	15.6516117
大して	11989	1278	15.6393743
議員	5678	1275	15.6026622
性能	3054	1274	15.5904248
サイン	10002	1269	15.5292379
ぼんやり	4507	1269	15.5292379
地区	4831	1268	15.5170005
成分	5205	1266	15.4925257
大会	3202	1266	15.4925257
深夜	3202	1262	15.4435762
ミス	4222	1261	15.4313388
進歩	5205	1260	15.4191015
精々	3975	1258	15.3946267
上下	6219	1255	15.3579145
通知	6219	1255	15.3579145
コート	3370	1254	15.3456772
面接	4507	1251	15.3089650
スーツ	3743	1243	15.2110660
湖	11989	1243	15.2110660
主役	3552	1239	15.1621164
先頭	6810	1235	15.1131669
目安	3370	1233	15.0886921
身長	5205	1232	15.0764548
増大	5678	1231	15.0642174
ほう	20515	1231	15.0642174
さっさと	4222	1230	15.0519800
職	4831	1230	15.0519800
テキスト	3552	1222	14.9540809
コピー	5678	1220	14.9296062
レンズ	4507	1218	14.9051314
あれ	5678	1216	14.8806566
そっち	5678	1216	14.8806566
土曜日		1216	14.8806566
カーテン	5678	1213	14.8439445
都	7561	1213	14.8439445
農村	4831	1209	14.7949950
流行る	3552	1209	14.7949950
関西	4507	1200	14.6848585
焼ける	8613	1198	14.6603838
以後	7561	1196	14.6359090
のんびり	6810	1192	14.5869595
アフリカ	4222	1191	14.5747221
テープ	4831	1191	14.5747221
スイッチ	8613	1190	14.5624847
昨夜	6219	1179	14.4278735
交通	4507	1178	14.4156361
日程	3975	1178	14.4156361
用意	5678	1176	14.3911614
フライパン	2290	1175	14.3789240
部品	4222	1171	14.3299744
林	6810	1170	14.3177371
ガス	10002	1165	14.2565502
帯	8613	1164	14.2443128
コンサート	3743	1163	14.2320754
出発	7561	1162	14.2198380
正月	15135	1162	14.2198380
反省	3552	1162	14.2198380
関東	4222	1159	14.1831259
建築	5678	1157	14.1586511
センター	7561	1157	14.1586511
アルバイト	8613	1154	14.1219390
組合	15135	1152	14.0974642
重点	3552	1150	14.0729894
都会	3370	1150	14.0729894
ショップ	3975	1146	14.0240399
仏	7561	1142	13.9750904
苦情	5678	1139	13.9383782
講演	3370	1137	13.9139035
役所	6219	1133	13.8649539
銀	20515	1132	13.8527165
予防	4507	1132	13.8527165
アルコール	10002	1131	13.8404792
今週	1702	1130	13.8282418
筆	11989	1130	13.8282418
青少年	10002	1124	13.7548175
実行	5678	1123	13.7425801
住まい	6219	1122	13.7303427
留める	5205	1120	13.7058680
流行	4222	1116	13.6569184
飲み物	3743	1114	13.6324437
チーズ	5205	1113	13.6202063
続き	6219	1110	13.5834941
余所	8613	1110	13.5834941
カラー	11989	1109	13.5712568
損	3975	1108	13.5590194
大学生	3370	1108	13.5590194
へん	4831	1104	13.5100698
バンド	4831	1102	13.4855951
飯	2634	1099	13.4488829
レコード	4507	1097	13.4244082
差別	6810	1093	13.3754586
用語	6810	1088	13.3142717
満足	4222	1087	13.3020344
果物	7561	1080	13.2163727
プール	3054	1077	13.1796605
シャワー	10002	1072	13.1184736
役人	4831	1071	13.1062362
国境	2542	1069	13.0817615
デート	2123	1069	13.0817615
ズボン	6810	1067	13.0572867
ぶつける	5678	1066	13.0450493
観察	11989	1060	12.9716250
強引	6810	1060	12.9716250
バック	8613	1054	12.8982007
家具	4831	1053	12.8859634
禁止	3370	1050	12.8492512
かん	6219	1049	12.8370138
限度	7561	1048	12.8247764
住居	2771	1048	12.8247764
リボン	11989	1046	12.8003017
編集	8613	1043	12.7635895
食堂	4507	1040	12.7268774
画家	6219	1039	12.7146400
開始	3743	1034	12.6534531
エレベーター	5678	1032	12.6289783
ベンチ	4831	1030	12.6045036
容器	3975	1024	12.5310793
びっくり	4507	1023	12.5188419
回数	6810	1022	12.5066045
ずれる	4507	1022	12.5066045
演技	7561	1021	12.4943671
独立	4831	1020	12.4821298
明ける	8613	1016	12.4331802
ギター	5205	1014	12.4087055
こっそり	6219	1012	12.3842307
実感	5205	1008	12.3352812
コンクリート	3370	1006	12.3108064
そっくり	6810	1004	12.2863316
トンネル	4507	1004	12.2863316
絵画	8613	1003	12.2740943
信号	3975	1003	12.2740943
広さ	4831	1000	12.2373821
坂	5205	999	12.2251447
境	7561	998	12.2129073
追加	15135	996	12.1884326
サラダ	3054	992	12.1394831
しつこい	7561	992	12.1394831
西洋	8613	990	12.1150083
マイク	15135	990	12.1150083
全力	5205	986	12.0660588
期限	5678	985	12.0538214
ドライブ	5678	984	12.0415840
行方	2376	983	12.0293466
旅館	5678	983	12.0293466
石油	7561	979	11.9803971
活力	5205	976	11.9436849
賛成	7561	976	11.9436849
ランチ	3743	975	11.9314476
製造	4507	974	11.9192102
楽器	5678	971	11.8824980
竹	11989	971	11.8824980
戸	33479	970	11.8702606
ゴール	3743	968	11.8457859
発売	1301	968	11.8457859
電波	2542	966	11.8213111
牛肉	3370	965	11.8090737
シーズン	10002	962	11.7723616
職人	3975	961	11.7601242
入院	3975	958	11.7234121
トレーニング	3975	955	11.6866999
シリーズ	3975	952	11.6499878
電子		951	11.6377504
共同	2771	949	11.6132756
支配	11989	949	11.6132756
州	20515	933	11.4174775
放る	5678	929	11.3685280
育児	3552	925	11.3195785
ペット	7561	923	11.2951037
発行	4831	919	11.2461542
可	20515	917	11.2216794
最低	6810	915	11.1972046
店員	4831	915	11.1972046
食料	8613	912	11.1604925
水面	10002	910	11.1360177
すっきり	3975	910	11.1360177
支出	6219	906	11.0870682
半ば	10002	906	11.0870682
女王	11989	904	11.0625934
ミルク	6810	904	11.0625934
一家	3975	903	11.0503560
夜間	5205	900	11.0136439
信用	6219	897	10.9769318
税	7561	894	10.9402196
ドレス	10002	891	10.9035075
美術館	4507	891	10.9035075
ポスター	7561	887	10.8545579
予測	6810	886	10.8423205
フィルム	8613	884	10.8178458
木材	1894	884	10.8178458
移転	3552	882	10.7933710
デパート	10002	879	10.7566589
中間	5205	877	10.7321841
台	15135	874	10.6954720
パーティー	7561	874	10.6954720
ポスト	2898	873	10.6832346
ダンス	7561	872	10.6709972
不利	6810	870	10.6465224
来週	6219	870	10.6465224
地味	6219	865	10.5853355
安心	3370	863	10.5608608
金持ち	11989	862	10.5486234
金曜日		861	10.5363860
校長	10002	860	10.5241486
コード	10002	860	10.5241486
ハンドル	10002	857	10.4874365
議長	4222	856	10.4751991
レポート	15135	853	10.4384869
ベルト	4507	852	10.4262496
スケジュール	6219	849	10.3895374
神話	7561	847	10.3650626
性別	4831	843	10.3161131
知事	4222	842	10.3038757
部長	2771	842	10.3038757
観光	3202	836	10.2304514
出口	6810	836	10.2304514
父母	10002	836	10.2304514
婦人	10002	831	10.1692645
地下鉄	8613	828	10.1325524
首都	10002	826	10.1080776
日曜	8613	825	10.0958402
からかう	20515	824	10.0836029
退く	7561	823	10.0713655
ガソリン	5205	822	10.0591281
あっち	11989	821	10.0468907
乗客	6810	820	10.0346533
国王	10002	818	10.0101786
回転	15135	817	9.9979412
心理	7561	811	9.9245169
大陸	8613	811	9.9245169
気候	5678	808	9.8878047
国語	3202	808	9.8878047
安易	4831	807	9.8755674
近代	6810	805	9.8510926
ノー	7561	805	9.8510926
不自由	4222	805	9.8510926
コップ	10002	803	9.8266178
中止	8613	802	9.8143805
歌手	7561	800	9.7899057
おや	33479	798	9.7654309
解ける	11989	798	9.7654309
境界	15135	797	9.7531935
プラン	3743	796	9.7409562
本部	3370	794	9.7164814
六つ	6219	791	9.6797692
日中	5205	788	9.6430571
支給	7561	786	9.6185823
会合	3743	785	9.6063450
コンピューター	4222	785	9.6063450
地点	20515	784	9.5941076
課長	2898	783	9.5818702
パス	10002	779	9.5329207
ゴム	20515	775	9.4839711
成人	33479	774	9.4717338
ジーンズ	8613	773	9.4594964
年代	4831	773	9.4594964
天候	6219	770	9.4227842
カップ	6810	769	9.4105468
出身	15135	768	9.3983095
寺院	10002	768	9.3983095
代金	4222	768	9.3983095
不足		765	9.3615973
ロビー	6219	765	9.3615973
月曜日		764	9.3493599
平等	5678	761	9.3126478
集まり	20515	760	9.3004104
長女	3202	757	9.2636983
付近	15135	756	9.2514609
平ら	33479	754	9.2269861
役者	8613	754	9.2269861
破れる	11989	745	9.1168497
先週	6219	744	9.1046123
知らせ	7561	740	9.0556628
テント	5678	739	9.0434254
独身	10002	738	9.0311880
ジュース	6219	737	9.0189506
コレクション	33479	731	8.9455263
測定	33479	725	8.8721020
ボート		725	8.8721020
クリーム	11989	724	8.8598646
中年	8613	723	8.8476273
売買	6810	722	8.8353899
製作	5678	721	8.8231525
読書	5678	717	8.7742030
空中	10002	715	8.7497282
ネックレス	3975	711	8.7007787
東西	7561	709	8.6763039
ハンカチ	15135	707	8.6518292
連続	11989	700	8.5661675
貯金	10002	696	8.5172179
キャンプ	4831	694	8.4927432
医学	6810	693	8.4805058
パイプ	4831	691	8.4560310
スプーン	8613	687	8.4070815
アクセント	6810	686	8.3948441
解散	15135	686	8.3948441
産地	3743	686	8.3948441
重量	2201	684	8.3703694
スキー	3054	681	8.3336572
生まれ	10002	679	8.3091825
印刷	11989	675	8.2602329
真っ黒	6810	673	8.2357582
石炭	11989	672	8.2235208
ブレーキ	6810	671	8.2112834
大気	5205	666	8.1500965
気味		662	8.1011470
番	15135	662	8.1011470
大学院	2123	657	8.0399600
スター	15135	655	8.0154853
王子	20515	654	8.0032479
正		650	7.9542984
外交	3202	647	7.9175862
ふざける	15135	647	7.9175862
集会	3975	646	7.9053488
人事	7561	645	7.8931115
パスポート	2634	645	7.8931115
コーチ	6810	644	7.8808741
ネクタイ	15135	640	7.8319245
カバー	15135	637	7.7952124
演説	15135	635	7.7707376
見出し	33479	635	7.7707376
輸送	7561	635	7.7707376
オイル	15135	633	7.7462629
にっこり	11989	632	7.7340255
水道	20515	631	7.7217881
大	8613	631	7.7217881
人種	15135	629	7.6973133
ヘリコプター	5205	626	7.6606012
率	10002	625	7.6483638
野	20515	619	7.5749395
寄付	6219	618	7.5627021
有料	6219	618	7.5627021
会計	7561	616	7.5382274
テンポ	15135	615	7.5259900
夕飯	10002	611	7.4770405
こん	20515	610	7.4648031
土曜	11989	609	7.4525657
フォーク	4222	609	7.4525657
テニス	5205	608	7.4403283
プラスチック	10002	605	7.4036162
停止	11989	602	7.3669040
倍	4507	602	7.3669040
続々	5678	601	7.3546666
ワンピース	5678	601	7.3546666
過失	10002	600	7.3424293
止す	8613	599	7.3301919
受験	8613	596	7.2934797
不正	11989	595	7.2812424
勝ち	6810	594	7.2690050
姉妹	6219	594	7.2690050
ペン	20515	593	7.2567676
読み	10002	592	7.2445302
パーセント	11989	590	7.2200554
毎朝	10002	588	7.1955807
陸	20515	588	7.1955807
冷ます	33479	587	7.1833433
うっかり	10002	585	7.1588685
切手	6810	585	7.1588685
ボーナス	7561	584	7.1466312
シャッター	1760	583	7.1343938
過半数	5205	579	7.0854442
支店	11989	579	7.0854442
ベル	15135	578	7.0732069
マスク	15135	578	7.0732069
見学	15135	576	7.0487321
千	20515	574	7.0242573
対	11989	574	7.0242573
カーブ	10002	572	6.9997826
通貨	33479	572	6.9997826
セーター		571	6.9875452
カロリー		570	6.9753078
田	20515	569	6.9630704
ダム	6219	569	6.9630704
出版	15135	566	6.9263583
スタンド	7561	564	6.9018835
商店	5678	560	6.8529340
ジャーナリスト	4831	556	6.8039845
書店	15135	555	6.7917471
課税	11989	554	6.7795097
利害	20515	552	6.7550349
漁業	33479	551	6.7427975
年度	4507	551	6.7427975
アウト	20515	547	6.6938480
直	10002	543	6.6448985
ずらす	20515	543	6.6448985
まあまあ	33479	543	6.6448985
マーケット	7561	541	6.6204237
都心	4507	540	6.6081863
農産物	8613	540	6.6081863
アンテナ	8613	538	6.5837116
作物	10002	538	6.5837116
真似る	20515	538	6.5837116
東洋	33479	537	6.5714742
解放	33479	535	6.5469994
集合	10002	535	6.5469994
出席	8613	535	6.5469994
ワープロ	15135	535	6.5469994
銅	11989	532	6.5102873
農薬	11989	531	6.4980499
卒業	33479	530	6.4858125
南北	6810	529	6.4735751
観測	11989	525	6.4246256
どっと	11989	524	6.4123882
競馬	10002	522	6.3879135
学会	15135	519	6.3512013
サンダル	20515	518	6.3389639
研究室	6810	517	6.3267266
レジ	4222	514	6.2900144
重たい	8613	513	6.2777770
バケツ	15135	513	6.2777770
プリント	33479	513	6.2777770
ぶつぶつ	20515	512	6.2655396
作曲	33479	511	6.2533023
負け	10002	511	6.2533023
にこにこ	15135	510	6.2410649
シーツ	33479	509	6.2288275
省く	11989	506	6.1921153
方面	20515	505	6.1798780
サンプル	10002	503	6.1554032
マフラー	8613	502	6.1431658
競技	6810	501	6.1309284
新聞社	8613	499	6.1064537
乗り物	6810	497	6.0819789
助手	6219	496	6.0697415
ウイスキー	15135	492	6.0207920
スピーカー	33479	489	5.9840799
賞	10002	486	5.9473677
制作	7561	486	5.9473677
天然	4831	483	5.9106556
スクリーン	4831	482	5.8984182
一流	6810	481	5.8861808
サークル	10002	480	5.8739434
バイオリン	15135	480	5.8739434
金曜	11989	479	5.8617060
ユーモア	10002	479	5.8617060
消極的	10002	478	5.8494686
能		478	5.8494686
体育	8613	476	5.8249939
パイロット	5205	474	5.8005191
ライター	33479	473	5.7882817
ブラウス	5678	472	5.7760444
貨物	33479	471	5.7638070
アクセサリー	6219	469	5.7393322
フリー	7561	468	5.7270948
動物園	33479	467	5.7148574
科目	7561	465	5.6903827
名人	15135	465	5.6903827
ベテラン	7561	464	5.6781453
綿	20515	464	5.6781453
退ける	8613	463	5.6659079
ピン	15135	461	5.6414332
ちぎる	4831	458	5.6047210
電力	10002	457	5.5924836
一昨年	6219	455	5.5680089
高速	10002	455	5.5680089
ずらり	4222	452	5.5312967
火山	6810	450	5.5068219
どきどき	8613	449	5.4945846
集中	11989	448	5.4823472
録音	20515	447	5.4701098
毎週	6219	446	5.4578724
オーケストラ	33479	445	5.4456350
総理大臣	15135	443	5.4211603
反る	20515	440	5.3844481
略す	11989	440	5.3844481
留学生	3975	440	5.3844481
食料品	15135	431	5.2743117
ソファー		431	5.2743117
エプロン		430	5.2620743
せっせと	11989	430	5.2620743
モダン	7561	430	5.2620743
来月	5678	430	5.2620743
商社	33479	429	5.2498369
時速	11989	428	5.2375995
八つ	10002	427	5.2253622
カレンダー	20515	423	5.1764126
ミシン	33479	423	5.1764126
オートバイ	8613	422	5.1641752
岸	15135	421	5.1519379
記念	6810	420	5.1397005
前進	11989	420	5.1397005
ピストル	7561	420	5.1397005
失業	3370	418	5.1152257
ダイヤモンド	7561	416	5.0907510
うんと	15135	413	5.0540388
クーラー	10002	413	5.0540388
チップ	15135	411	5.0295640
工業		410	5.0173267
デモ	5678	410	5.0173267
水泳	10002	409	5.0050893
作文	8613	408	4.9928519
めでたい	33479	407	4.9806145
もしもし	20515	406	4.9683771
広々	8613	405	4.9561398
札		403	4.9316650
高級	15135	402	4.9194276
自動	7561	402	4.9194276
マスター	15135	402	4.9194276
サンドイッチ		400	4.8949528
引き止める	33479	399	4.8827155
回	11989	397	4.8582407
ざっと	10002	397	4.8582407
アイスクリーム	15135	394	4.8215286
局		394	4.8215286
化学	5678	393	4.8092912
理科	33479	393	4.8092912
向かい	20515	392	4.7970538
ジャム	33479	389	4.7603416
ビニール	11989	389	4.7603416
ブラシ	33479	389	4.7603416
位		388	4.7481043
ぴかぴか	15135	383	4.6869173
回り	11989	381	4.6624426
下り	15135	377	4.6134931
ふわふわ	20515	377	4.6134931
歯医者	15135	376	4.6012557
出場	5205	373	4.5645435
すっと	8613	373	4.5645435
マッチ	15135	373	4.5645435
ダイヤ	33479	372	4.5523061
登山	33479	372	4.5523061
団地	20515	370	4.5278314
商業		367	4.4911192
ビタミン	33479	366	4.4788819
ぎっしり	11989	365	4.4666445
ぐっすり	20515	365	4.4666445
先月	4507	365	4.4666445
天気予報	33479	365	4.4666445
貸し出し	8613	364	4.4544071
アナウンサー	33479	363	4.4421697
あの	5205	363	4.4421697
引退	11989	358	4.3809828
インク	33479	356	4.3565080
水曜日		354	4.3320333
短期	33479	349	4.2708464
火曜日		348	4.2586090
管	20515	347	4.2463716
さようなら	20515	347	4.2463716
入学	11989	346	4.2341342
スマート	20515	344	4.2096594
ハンバーグ	8613	341	4.1729473
×		341	4.1729473
みっともない	20515	341	4.1729473
合格	10002	339	4.1484725
予報	8613	339	4.1484725
代理	5205	338	4.1362352
スピーチ	7561	337	4.1239978
おおい	33479	336	4.1117604
大工	15135	336	4.1117604
明後日	15135	334	4.0872856
スカーフ	15135	331	4.0505735
留学	10002	331	4.0505735
ストーブ	15135	330	4.0383361
ロケット	10002	328	4.0138613
改造	8613	327	4.0016239
学科	6810	325	3.9771492
消防	10002	321	3.9281997
学部	5678	318	3.8914875
モーター	15135	318	3.8914875
スーツケース	10002	317	3.8792501
金庫	5205	314	3.8425380
自治	33479	311	3.8058258
大使	33479	309	3.7813511
しゃがむ	33479	308	3.7691137
通行	33479	308	3.7691137
ステーキ	20515	306	3.7446389
小	15135	305	3.7324015
親類	11989	303	3.7079268
判事	5205	303	3.7079268
昼休み	33479	302	3.6956894
サイレン	33479	301	3.6834520
とん		301	3.6834520
最終	11989	300	3.6712146
スクール	7561	300	3.6712146
木曜日		300	3.6712146
ヨット	3975	300	3.6712146
会議室	15135	299	3.6589773
旧		299	3.6589773
ボーイ	33479	298	3.6467399
スライド		297	3.6345025
芸能	33479	295	3.6100277
スリッパ	15135	292	3.5733156
売り場	6219	289	3.5366034
こないだ	33479	289	3.5366034
ばったり	20515	288	3.5243660
強気	15135	287	3.5121287
満員	8613	287	3.5121287
アイロン	20515	285	3.4876539
クラシック	20515	283	3.4631791
下品	15135	283	3.4631791
ペンキ	33479	280	3.4264670
賞金	8613	277	3.3897548
進学	15135	275	3.3652801
大使館	20515	275	3.3652801
日日	33479	275	3.3652801
茶色い	8613	274	3.3530427
南米	33479	274	3.3530427
よる	33479	274	3.3530427
コンセント	11989	272	3.3285679
ダブル		269	3.2918558
招待	20515	268	3.2796184
曜日	33479	268	3.2796184
加速	8613	267	3.2673810
ボールペン	15135	266	3.2551436
祝い		265	3.2429063
ハンサム		261	3.1939567
入社	6219	258	3.1572446
ストップ	20515	256	3.1327698
のろのろ	33479	256	3.1327698
生る	20515	252	3.0838203
平野		252	3.0838203
その		250	3.0593455
言い付ける	15135	248	3.0348708
マラソン	11989	247	3.0226334
国立	7561	244	2.9859212
ストッキング	33479	244	2.9859212
なだらか	33479	242	2.9614465
ガソリンスタンド	11989	241	2.9492091
けち	20515	241	2.9492091
入場	20515	239	2.9247343
飛行	33479	239	2.9247343
ハンドバッグ		238	2.9124969
図書	20515	235	2.8757848
バン		235	2.8757848
がっかり	20515	234	2.8635474
キャプテン	15135	234	2.8635474
ワイシャツ	20515	233	2.8513100
半島	20515	231	2.8268353
ばん	33479	231	2.8268353
うら	20515	229	2.8023605
切れ	8613	229	2.8023605
再三	20515	228	2.7901231
接近	33479	228	2.7901231
不		228	2.7901231
連合	10002	228	2.7901231
クリーニング	33479	224	2.7411736
せ		224	2.7411736
見送り	20515	224	2.7411736
ガム		222	2.7166988
来日	6219	220	2.6922241
外科	20515	217	2.6555119
夫妻	33479	216	2.6432745
ロッカー		216	2.6432745
通過	20515	213	2.6065624
トランプ		213	2.6065624
点々		212	2.5943250
ひびき	929	211	2.5820876
書道		210	2.5698502
ダイヤル		208	2.5453755
課		207	2.5331381
南極	15135	207	2.5331381
予備	20515	207	2.5331381
救助	20515	205	2.5086633
グランド		205	2.5086633
開放	33479	204	2.4964260
オーバー	20515	202	2.4719512
コーラス	20515	202	2.4719512
人工		202	2.4719512
物理	33479	202	2.4719512
休業		200	2.4474764
海洋	33479	199	2.4352390
逆様		199	2.4352390
判子	11989	198	2.4230017
来		197	2.4107643
夕刊	33479	197	2.4107643
熱帯		196	2.3985269
くどい	20515	194	2.3740521
真中	10002	192	2.3495774
うろうろ	33479	191	2.3373400
ハイキング	33479	191	2.3373400
破産	15135	191	2.3373400
キャンパス	33479	190	2.3251026
コンクール		189	2.3128652
メーター		189	2.3128652
コック	20515	186	2.2761531
セメント	20515	186	2.2761531
ランニング	20515	183	2.2394409
売り切れる	33479	182	2.2272035
どれ	20515	180	2.2027288
湯飲み		180	2.2027288
ノック	33479	179	2.1904914
スチュワーデス	33479	178	2.1782540
大戦	33479	177	2.1660166
航空	33479	176	2.1537793
めっきり	10002	175	2.1415419
実用	15135	173	2.1170671
さて		172	2.1048297
万		172	2.1048297
よう		170	2.0803550
エスカレーター		168	2.0558802
客間	33479	168	2.0558802
ラケット		166	2.0314054
工芸	33479	160	1.9579811
しゃぶる		159	1.9457438
文芸	15135	159	1.9457438
合同	8613	157	1.9212690
ピクニック	20515	156	1.9090316
レジャー	33479	156	1.9090316
定期	15135	155	1.8967942
友好	10002	155	1.8967942
地帯		154	1.8845568
ファスナー	11989	154	1.8845568
じゃんけん	33479	153	1.8723195
ぴたり		149	1.8233699
分数	20515	149	1.8233699
国際	7561	148	1.8111326
オルガン		147	1.7988952
ブローチ	20515	146	1.7866578
元日	33479	143	1.7499456
造船	33479	139	1.7009961
わん		139	1.7009961
さす		136	1.6642840
ウール	33479	135	1.6520466
小数	33479	134	1.6398092
スケート	15135	131	1.6030971
発電	15135	131	1.6030971
規準		129	1.5786223
プラットホーム	33479	128	1.5663849
温い		126	1.5419101
ようし		126	1.5419101
散らかす		124	1.5174354
しん		123	1.5051980
述語		123	1.5051980
ステレオ		123	1.5051980
まつ	20515	122	1.4929606
テープレコーダー		121	1.4807232
テニスコート		120	1.4684859
ジェット機	33479	119	1.4562485
火口	8613	118	1.4440111
計	33479	117	1.4317737
厚かましい	33479	116	1.4195363
ナイロン		115	1.4072989
売り切れ	10002	113	1.3828242
バイバイ		111	1.3583494
チョーク		110	1.3461120
あさって	33479	109	1.3338746
在学		109	1.3338746
レインコート	33479	109	1.3338746
長短	33479	108	1.3216373
カセット	33479	107	1.3093999
エチケット		104	1.2726877
ギャング		103	1.2604504
学術	15135	102	1.2482130
祭日	33479	99	1.2115008
破く	33479	98	1.1992634
らん		98	1.1992634
会館		95	1.1625513
メートル		95	1.1625513
下車		94	1.1503139
一休み	11989	93	1.1380765
リポート	15135	93	1.1380765
ため		92	1.1258392
カー		87	1.0646522
半		87	1.0646522
かし		86	1.0524149
タイプライター		85	1.0401775
モノレール	20515	85	1.0401775
以内		83	1.0157027
仲直り		79	0.9667532
具体		78	0.9545158
ラジカセ		78	0.9545158
開会	33479	77	0.9422784
列島		73	0.8933289
下線		72	0.8810915
ちゅう		72	0.8810915
順々		71	0.8688541
おす	33479	70	0.8566167
あん		68	0.8321420
りょう	20515	68	0.8321420
イコール		67	0.8199046
しめた		66	0.8076672
ちり		66	0.8076672
屋		64	0.7831925
ウーマン		63	0.7709551
経由		63	0.7709551
インキ		59	0.7220055
ゼミ		59	0.7220055
円周	33479	56	0.6852934
好き好き		56	0.6852934
はきはき	33479	54	0.6608186
高等	15135	53	0.6485813
かおり		52	0.6363439
知らせる		52	0.6363439
ペンチ	33479	51	0.6241065
キロ		50	0.6118691
単数		49	0.5996317
ラッシュアワー		48	0.5873943
水産	33479	46	0.5629196
ビルディング		45	0.5506822
おせん		44	0.5384448
級		43	0.5262074
ぼん		43	0.5262074
しろ		42	0.5139700
日の入り		41	0.5017327
うち	15135	39	0.4772579
かた		39	0.4772579
再来週	33479	38	0.4650205
すみ		38	0.4650205
しいんと		36	0.4405458
清書		34	0.4160710
全		33	0.4038336
オーバーコート		32	0.3915962
そそっかしい		32	0.3915962
未満	33479	32	0.3915962
ふく		31	0.3793588
洋品店	33479	31	0.3793588
先々週		29	0.3548841
球		28	0.3426467
四つ角		28	0.3426467
グラム		27	0.3304093
みな		27	0.3304093
ウエートレス		24	0.2936972
ミリ		24	0.2936972
リットル		24	0.2936972
たま		22	0.2692224
うめ		18	0.2202729
いや	10002	17	0.2080355
実に		17	0.2080355
まど		16	0.1957981
店屋		16	0.1957981
かな		15	0.1835607
あびる		14	0.1713233
オートメーション		14	0.1713233
センチ		14	0.1713233
こい		13	0.1590860
タイア		13	0.1590860
みつ		12	0.1468486
寒帯		10	0.1223738
言付ける		10	0.1223738
さとう		10	0.1223738
あな		9	0.1101364
昨		9	0.1101364
いね		7	0.0856617
先々月		7	0.0856617
たく		7	0.0856617
ほり		7	0.0856617
わたる	33479	7	0.0856617
あき		6	0.0734243
貸間		6	0.0734243
ころ		6	0.0734243
しかく		6	0.0734243
せいこう		6	0.0734243
ダイヤグラム		6	0.0734243
建て		6	0.0734243
はか		6	0.0734243
やく		6	0.0734243
かつ		5	0.0611869
けんこう		5	0.0611869
再来月		5	0.0611869
しょうしょう		5	0.0611869
はう		5	0.0611869
まごまご		5	0.0611869
かさい		3	0.0367121
注す		3	0.0367121
着ける		3	0.0367121
何か		3	0.0367121
のぞみ	33479	3	0.0367121
かける		2	0.0244748
かっこう		2	0.0244748
かよう		2	0.0244748
くみ		2	0.0244748
しょうじ		2	0.0244748
じゅう		2	0.0244748
そうさ		2	0.0244748
それ		2	0.0244748
たから		2	0.0244748
ちえ		2	0.0244748
答		2	0.0244748
はた		2	0.0244748
まず		2	0.0244748
むく		2	0.0244748
もし		2	0.0244748
れい		2	0.0244748
